x_pixel,y_pixel,rssi
348,800,-43.30842805
347,800,-43.25194807
347,800,-43.19358229
344,801,-43.13326773
346,800,-43.07093933
349,800,-43.00652984
350,800,-42.93996977
357,800,-42.87118733
360,798,-42.8001083
361,798,-42.72665602
366,798,-42.65075126
366,798,-42.5723121
368,798,-42.49125392
370,798,-42.40748925
372,798,-42.32092776
373,798,-42.2314761
383,797,-42.1390378
384,797,-42.04351312
389,797,-41.94479888
391,797,-41.84278847
401,795,-41.73737192
403,795,-41.6284358
404,795,-41.51586281
406,795,-41.39953143
407,794,-41.27931563
412,794,-41.15508495
418,795,-41.02670519
419,795,-40.89403956
420,794,-40.75694679
423,794,-40.61527892
426,794,-40.46888041
427,794,-40.31758918
430,794,-40.16123957
431,794,-39.99966711
434,792,-39.83271452
435,792,-39.66020458
438,792,-39.48193594
443,792,-39.29769239
447,791,-39.10725934
449,791,-38.9104427
453,791,-38.70708743
454,791,-38.49709375
462,791,-38.28012512
463,791,-38.0557868
465,791,-37.82374403
468,791,-37.58379489
470,789,-37.33590958
470,789,-37.08024532
474,789,-36.81714423
477,789,-36.54437609
478,789,-36.26108024
480,789,-35.96740185
488,788,-35.66420178
490,788,-35.35282709
495,788,-35.03493132
496,788,-34.71233551
500,788,-34.36223097
504,788,-33.99471343
508,786,-33.61797471
509,786,-33.23860121
511,786,-32.86182955
512,785,-32.49176516
513,785,-32.13156903
517,785,-31.56139469
520,784,-31.05457306
521,784,-30.60406494
523,784,-30.20361328
525,784,-29.84765625
526,782,-29.53125
527,782,-29.25
528,782,-27
530,782,-27
534,785,-27
535,785,-27
539,785,-27
542,785,-27
547,786,-27
548,786,-27
550,786,-28
551,786,-28
552,786,-27
554,786,-27
554,787,-28
562,789,-28
562,791,-28
565,791,-28
566,792,-28
567,792,-28
573,795,-24
574,795,-24
574,796,-23
577,796,-23
577,798,-25
580,799,-26
584,800,-27
586,802,-30
588,803,-31
589,804,-31
592,805,-31
593,805,-30
596,807,-27
600,807,-28
601,808,-27
604,808,-25
605,808,-26
611,808,-27
612,808,-27
623,809,-30
624,809,-31
631,809,-33
634,808,-34
636,808,-33
638,808,-34
642,809,-34
643,809,-34
644,809,-34
646,809,-33
647,809,-33
651,807,-33
652,807,-33
654,807,-34
655,807,-34
655,807,-33
666,807,-33
667,807,-34
673,806,-34
678,806,-33
679,806,-33
682,806,-35
685,806,-34
685,804,-34
686,804,-34
685,804,-34
686,805,-34
688,805,-35
690,805,-34
698,805,-38
700,805,-38
704,804,-36
708,804,-37
709,805,-36
712,805,-36
713,805,-38
719,804,-40
720,804,-39
721,804,-39
727,802,-38
728,801,-39
731,802,-45
732,801,-44
733,801,-44
736,799,-42
737,798,-40
739,797,-40
739,797,-41
741,794,-42
743,793,-42
744,793,-42
745,790,-37
746,784,-42
746,780,-42
746,776,-42
746,775,-42
746,774,-42
746,771,-43
746,769,-43
744,765,-43
744,764,-43
742,760,-43
742,759,-44
740,757,-45
740,757,-46
738,753,-46
736,752,-46
736,751,-46
734,751,-46
733,748,-46
733,747,-44
731,747,-44
731,745,-44
730,744,-44
729,744,-44
729,743,-41
727,743,-41
723,739,-41
722,737,-40
719,736,-37
718,735,-38
714,733,-44
713,732,-43
711,732,-40
709,731,-40
706,731,-45
705,731,-45
701,729,-42
699,729,-42
698,729,-42
697,729,-42
694,729,-42
693,729,-42
688,731,-44
686,731,-45
685,731,-44
684,731,-44
672,732,-44
670,732,-44
666,734,-44
665,734,-45
664,734,-44
657,735,-45
653,735,-39
651,735,-39
647,736,-42
644,736,-42
643,736,-40
641,736,-40
640,738,-39
635,738,-39
632,739,-39
631,739,-38
630,739,-37
627,739,-37
626,740,-37
624,740,-37
623,740,-38
622,740,-39
619,742,-37
618,742,-37
614,743,-37
612,743,-37
611,743,-36
610,743,-36
608,744,-35
606,744,-36
603,743,-38
601,743,-34
598,745,-35
594,746,-35
587,746,-34
586,747,-34
585,747,-35
583,747,-35
582,747,-35
579,747,-36
576,749,-34
570,749,-34
569,750,-33
566,750,-33
565,750,-33
564,750,-32
562,751,-31
561,751,-31
560,751,-31
558,751,-31
557,751,-30
556,751,-30
554,753,-30
553,752,-30
548,752,-32
547,752,-33
544,752,-34
543,752,-34
540,753,-34
536,753,-34
535,753,-34
527,753,-31
525,753,-30
521,753,-31
520,753,-32
518,753,-32
516,754,-33
510,753,-33
508,752,-32
504,752,-33
503,752,-34
500,752,-34
499,752,-35
498,752,-36
491,752,-42
490,752,-42
487,752,-43
485,752,-44
483,752,-45
477,752,-45
470,752,-41
467,752,-40
452,752,-41
449,752,-41
448,752,-41
446,752,-41
444,752,-41
442,752,-41
440,754,-43
438,754,-43
433,753,-43
432,753,-43
428,753,-43
426,753,-42
425,753,-42
424,753,-42
420,753,-42
415,753,-44
412,754,-43
409,754,-43
407,754,-43
407,754,-43
391,753,-43
388,753,-42
374,753,-42
372,753,-42
367,753,-42
366,753,-43
360,753,-45
359,753,-42
358,753,-41
355,753,-41
346,754,-41
345,754,-41
339,754,-41
338,754,-41
333,754,-41
330,755,-41
322,754,-42
321,754,-42
314,754,-42.1
313,754,-42.21
310,754,-42.331
309,754,-42.4641
309,754,-42.61051
308,754,-42.771561
308,754,-42.9487171
308,754,-43.14358881
308,754,-43.25794769
306,753,-43.38374246
306,753,-43.51211671
306,750,-43.64232838
304,746,-43.77346121
304,741,-43.90439734
304,738,-44.03378607
305,737,-44.16000858
305,734,-44.28113772
305,733,-44.39489262
305,729,-44.50858711
305,726,-44.62107157
312,714,-44.73196706
313,714,-44.84093093
315,711,-44.9476779
316,710,-45.05200596
319,707,-45.15382794
320,706,-45.25320988
325,703,-45.3504171
325,702,-45.44596954
327,702,-45.53970779
328,703,-45.63157141
331,700,-45.42153184
333,700,-45.47959194
343,697,-45.53278334
344,697,-45.58086108
351,698,-45.62356439
351,698,-45.66059984
356,697,-45.69161812
360,697,-45.71618297
362,697,-45.73383049
363,697,-45.7440564
368,694,-45.77630886
370,694,-45.80598055
378,692,-45.83330027
379,692,-45.85854419
380,691,-45.88204217
383,691,-45.9041864
386,690,-45.92544323
387,690,-45.94636926
388,688,-45.96762313
392,687,-45.98997981
396,687,-46.0113469
398,687,-46.03188354
407,683,-46.05174186
408,683,-46.07106163
410,682,-46.08996358
411,682,-46.10854129
418,677,-46.1268511
419,674,-46.14489928
422,673,-46.1626269
422,672,-46.17989161
423,671,-46.19674608
424,671,-46.21323233
426,670,-46.22938138
427,669,-46.24521336
440,660,-46.26073833
442,660,-46.27595804
443,659,-46.29086873
444,658,-46.30546568
456,652,-46.31974955
460,651,-46.33373535
462,649,-46.34743427
463,649,-46.36085447
464,648,-46.37400178
466,649,-46.38688062
471,645,-46.39949485
472,645,-46.41184853
475,642,-46.42394651
476,642,-46.43579459
486,638,-46.4473991
486,638,-46.45876547
490,637,-46.46989859
491,637,-46.480803
495,635,-46.49148313
500,634,-46.50194338
515,631,-46.51218823
515,631,-46.5222222
522,630,-46.53204977
523,630,-46.54167529
526,629,-46.55110291
527,629,-46.56033665
533,629,-46.56938045
537,629,-46.5782382
539,627,-44
541,627,-44
549,627,-46
550,627,-46
551,627,-45
551,626,-45
553,626,-45
554,626,-46
562,625,-46
565,625,-46
567,624,-46
569,624,-46
570,624,-46
571,624,-46
573,625,-44
578,625,-44
580,624,-44
582,624,-44
584,625,-44
592,625,-44
593,625,-44
596,626,-47
601,627,-45
602,627,-45
604,627,-45
605,627,-45
606,627,-45
608,628,-45
609,628,-45
611,628,-45
617,628,-46
619,628,-46
633,627,-45
635,627,-46
645,626,-46
647,624,-46
648,624,-46
649,624,-46
653,623,-46
655,624,-46
657,624,-43
659,624,-43
662,623,-46
664,623,-43
668,624,-43
670,624,-43
684,622,-43
686,622,-43
692,622,-43
694,622,-42
694,622,-43
694,622,-46
693,622,-43
693,622,-45
693,622,-45
693,622,-45
693,623,-45
692,623,-45
692,623,-45
692,621,-46
692,619,-46
692,619,-46
691,611,-46
691,609,-46
691,608,-45
691,607,-45
690,602,-46
690,601,-45
690,598,-45
691,596,-45
690,592,-46
690,589,-46
688,586,-46
687,580,-46
687,578,-45
686,577,-45
684,564,-40
684,561,-41
683,556,-41
683,554,-41
684,548,-41
684,546,-41
683,531,-41
683,530,-41
682,525,-41
682,522,-44
682,521,-43
682,519,-43
681,518,-43
681,517,-43
680,511,-43
680,511,-43
679,510,-45
676,506,-46
674,501,-46
672,498,-46
672,499,-46
670,496,-46
667,492,-45.4
665,492,-45.64
665,490,-45.904
664,490,-46.1944
663,488,-46
660,486,-46
659,485,-46
659,484,-46
655,481,-46
652,480,-46
652,478,-46
651,476,-44
642,471,-44
641,469,-44
637,468,-44
629,466,-46
628,466,-45
626,466,-44
625,466,-44
624,466,-44
619,466,-44
616,465,-45
612,465,-44
611,465,-44
605,466,-40
601,466,-40
597,465,-40
596,466,-41
587,469,-41
586,470,-42
579,473,-46
578,473,-46
576,476,-46
575,477,-46
566,488,-46
566,488,-41
565,490,-41
565,492,-41
563,500,-41
561,503,-41
561,504,-41
560,506,-41
560,508,-41
560,511,-41
560,513,-42
560,515,-43
558,516,-46
558,520,-45
558,525,-43
557,527,-43
557,529,-43
557,531,-43
556,532,-43
555,536,-43
555,541,-43
553,544,-43
552,547,-46
552,549,-46
552,553,-45
551,555,-45
550,559,-45
550,560,-46
550,561,-46
550,563,-46
549,565,-43
549,567,-45
547,575,-41
547,577,-41
547,579,-41
545,580,-41
543,587,-41
543,588,-41
537,595,-41
537,596,-47
524,605,-45
522,606,-45
522,606,-43.2
520,607,-43.42
519,607,-43.662
517,607,-43.9282
512,610,-44.32102
511,609,-44.653122
508,610,-44.8184342
507,610,-44.60027762
499,612,-44.56030538
498,612,-44.51633592
482,614,-44.64796951
480,614,-44.77076646
478,614,-44.78164311
476,614,-44.76698742
470,614,-45.51158416
469,614,-45.59743038
465,615,-44.87533
463,615,-44.90283523
462,615,-45.13708822
461,615,-45.19916345
457,616,-44.85428284
454,616,-44.86263448
453,616,-44.87073362
446,617,-44.88110824
445,616,-45.41806065
443,616,-45.40012367
438,617,-44.95260304
436,617,-44.95757982
428,618,-44.93962898
426,619,-44.91367553
424,619,-44.9196148
420,619,-45.32531284
418,619,-45.37077076
417,619,-45.41973701
413,619,-45.41990465
412,619,-45.42188274
408,621,-45.46881071
405,620,-45.7199338
403,620,-45.79796428
401,620,-45.88639316
400,621,-45.983071
397,621,-46.04884681
395,621,-46.21665442
391,621,-46.29634616
387,621,-46.38399031
385,621,-46.48020106
379,622,-46.5813401
378,622,-46.76748073
368,622,-46.66443237
366,622,-46.7422363
360,623,-46.21815283
358,622,-46.23508343
354,624,-46.23692633
350,624,-46.63098435
337,625,-46.65568375
334,624,-46.67323202
331,624,-46.68242121
330,624,-46.67391526
326,626,-46.67486355
325,626,-47.26812627
320,625,-47.27312362
318,625,-47.37692763
316,626,-47.49092776
314,626,-47.57692211
308,626,-47.46904594
306,626,-47.54862733
297,627,-47.63524795
296,627,-47.73138122
293,627,-48.03703298
289,626,-48.11392365
288,627,-48.19800366
287,627,-48.28011126
284,627,-48.25902961
284,627,-48.32724036
284,627,-48.4130598
284,627,-48.49950305
283,627,-48.58592856
281,627,-48.77138329
277,625,-48.84481832
277,625,-48.91790779
277,625,-48.98989821
276,625,-49.0608769
275,625,-48.54106163
273,625,-48.56244376
272,623,-48.57738215
271,623,-48.58517006
268,623,-48.58509421
267,622,-48.6664653
263,622,-48.64863
261,622,-48.62170222
251,624,-48.88488262
248,625,-48.8672832
248,625,-48.89990535
248,625,-48.93365151
248,625,-48.86927845
248,625,-48.89768929
248,625,-48.92894879
247,624,-48.95519714
247,623,-48.98585386
247,621,-49.02226902
246,619,-49.23600766
246,617,-49.27288011
245,615,-49.31017758
243,612,-49.34783019
243,611,-49.39568536
244,604,-49.54548497
245,597,-49.60713859
245,596,-49.67233273
245,595,-49.74098062
247,593,-49.81285178
247,592,-49.67053619
247,591,-49.7103018
247,589,-49.75031423
248,588,-49.79056263
248,587,-49.83005036
249,585,-50.15850689
252,583,-50.21364372
252,581,-50.26777482
258,574,-50.32045424
261,573,-50.37121449
264,571,-50.44128232
267,570,-50.51438037
269,569,-50.59078698
270,569,-50.77080942
273,567,-50.86488533
273,567,-50.93552317
274,566,-51.00771111
278,563,-51.08170474
279,563,-51.15782979
281,563,-50.93649132
282,563,-50.98601222
282,561,-51.03317541
283,561,-51.07741425
285,561,-51.10807474
286,560,-51.03239368
287,560,-51.04208073
287,559,-51.04551769
289,559,-51.04189898
290,557,-51.0303059
293,558,-51.03968736
294,557,-51.24505487
299,556,-51.26624282
306,554,-51.28512568
307,554,-51.20283077
309,554,-51.21987448
310,554,-51.43765386
311,552,-51.47686747
311,552,-51.52036432
320,547,-51.56937016
320,545,-51.62233844
324,541,-51.4600668
324,541,-51.4794492
327,540,-51.49888155
328,538,-51.52848663
335,534,-51.55934784
335,533,-51.67151724
336,534,-51.69098222
337,534,-51.70804401
337,533,-51.72191139
339,533,-51.73186869
341,531,-51.85904888
341,530,-51.89700885
343,530,-51.93682157
344,529,-52.07765507
347,528,-52.12948579
348,527,-52.17528265
351,526,-52.02371269
352,526,-52.05527956
361,521,-52.08861637
362,520,-52.12429114
366,518,-52.15081537
368,518,-52.17619602
370,516,-52.70013347
372,515,-52.76238131
373,515,-51.82567086
374,515,-51.79070968
380,512,-51.76740938
381,511,-51.83862236
382,511,-51.81362296
383,510,-51.78255614
387,507,-51.74573022
389,508,-51.70268364
391,504,-51.80293865
393,503,-51.70699439
398,498,-51.69512674
398,497,-51.68556845
400,492,-52.07738435
400,489,-52.10126055
402,488,-52.13002431
402,488,-52.06477113
404,485,-52.09667522
404,484,-52.13607438
405,483,-52.16938795
407,481,-52.31562731
407,479,-52.37767737
408,478,-52.44688826
408,477,-52.28383865
409,474,-52.30209646
411,463,-52.31930367
411,455,-52.44475693
411,454,-52.4795651
410,453,-52.51391417
410,451,-52.54836679
410,450,-52.47164074
408,446,-52.48103708
408,445,-52.48445196
408,443,-52.50451329
408,442,-52.52475497
407,439,-52.2453001
407,438,-52.22535442
405,430,-52.19993335
405,429,-52.16853527
404,427,-52.03055212
404,426,-51.88644326
403,422,-51.82698387
403,421,-51.76123706
402,419,-51.68690944
402,418,-52.00312489
401,416,-51.97890737
401,414,-51.95426266
396,394,-52.02969559
395,393,-52.01581163
394,389,-52.01433758
394,388,-52.02712701
394,386,-52.04714132
393,385,-52.07573175
393,384,-52.01461398
393,382,-52.01576289
393,381,-52.01944844
391,373,-52.02596702
390,371,-52.02559416
391,370,-52.02657242
390,370,-52.0277959
394,368,-51.92786279
395,369,-51.91593493
397,369,-51.89995525
399,367,-51.88848938
399,367,-51.87576203
405,366,-52.06139339
413,364,-52.06493602
414,364,-52.06887021
415,364,-52.07309999
419,364,-52.0776304
421,364,-52.09260716
423,364,-52.11027438
439,367,-52.1313063
440,369,-52.05558799
441,371,-51.67357058
441,371,-51.6347883
442,372,-51.59177353
447,384,-51.54406386
447,385,-51.49116025
449,390,-51.43251324
450,393,-51.36650384
452,397,-51.99212679
452,398,-51.97820884
453,399,-51.97047092
454,401,-51.90016096
454,401,-51.92669822
459,407,-51.96019069
460,408,-52.00180338
461,408,-52.25286769
463,412,-52.33490313
464,413,-52.43174306
468,416,-52.47570469
471,417,-52.22545428
486,424,-52.25095261
487,424,-52.28603178
496,428,-52.32196513
498,429,-52.35814257
501,429,-52.19377649
504,429,-52.18786737
506,430,-52.1731638
509,429,-52.14730587
512,429,-52.41446599
513,430,-52.43336716
514,428,-52.45160862
514,428,-52.5681663
514,428,-52.59278642
516,428,-52.6162508
517,428,-52.65849823
518,428,-52.70556132
521,428,-52.35880107
522,428,-52.37995059
525,428,-52.37649905
528,429,-52.37081224
530,428,-52.5627326
532,428,-52.56218923
536,427,-52.55912952
540,426,-52.55341739
544,424,-52.5429093
546,423,-52.5266441
548,423,-52.5434284
548,423,-52.55977618
552,421,-52.4781039
553,420,-52.48883306
556,421,-52.48144311
557,420,-52.7733685
558,420,-52.79479239
560,420,-52.81892989
562,419,-52.84653195
563,419,-53.07852074
564,419,-53.13202997
566,418,-53.18925535
571,418,-52.3603705
573,418,-52.34752424
581,415,-52.33413235
582,415,-52.29020874
589,414,-52.23975037
594,413,-52.18183242
594,413,-52.41536247
595,412,-52.34904664
597,410,-52.27074831
598,408,-52.1788976
598,408,-52.36075032
598,408,-52.36207292
598,408,-52.56486698
598,405,-52.5923328
600,401,-52.62759105
600,400,-52.67216691
600,400,-52.69784735
599,396,-52.73272742
596,393,-52.77892534
596,392,-52.83892811
595,389,-52.88674589
593,389,-52.93921318
591,387,-53.17664781
589,386,-53.23507931
588,384,-53.29582813
587,383,-53.35819425
585,383,-52.82422894
584,383,-52.8333791
581,379,-52.83882447
580,379,-53.03881411
577,378,-53.05402093
576,378,-53.0655017
574,378,-53.05438709
569,376,-53.03631787
564,376,-53.01036685
562,376,-52.77558411
561,376,-52.77071962
558,376,-52.76445368
556,377,-52.8570166
556,377,-52.83883685
552,378,-52.81731844
551,378,-52.79250011
549,378,-52.26631141
548,378,-52.18931077
541,379,-52.10720516
540,379,-52.04036726
536,380,-51.96733203
535,380,-51.98761986
526,381,-51.90068019
524,381,-51.80686452
519,382,-51.70581913
514,382,-51.79715103
509,383,-51.75023499
507,383,-51.70632742
503,384,-51.66623964
502,384,-51.62882688
493,383,-51.69497637
489,382,-51.66571202
487,382,-51.6422152
483,380,-51.72575027
481,379,-51.72774338
480,377,-51.72080262
472,370,-51.41785938
471,369,-51.38901258
469,366,-51.36128987
469,366,-51.53453617
468,365,-51.51849215
467,364,-51.50377016
465,361,-51.48992566
465,360,-51.4663432
465,360,-51.64020318
465,354,-51.63214323
465,354,-51.65357162
465,354,-51.68002752
465,354,-51.61190129
465,353,-51.6196378
466,352,-51.62975237
471,346,-51.64235059
474,343,-51.65759308
475,344,-51.87671807
478,342,-51.90036956
479,340,-51.92719219
484,339,-51.95455425
486,337,-51.98200692
487,337,-52.01901748
488,337,-51.55895545
491,336,-51.55187576
494,334,-51.54282827
503,334,-51.53135179
504,334,-51.49681517
508,333,-51.75645973
508,333,-51.73938648
512,332,-51.7178697
514,333,-51.89145598
517,332,-51.87869983
519,332,-51.91067427
520,330,-51.84655412
521,331,-51.87692671
524,330,-51.9114842
524,330,-51.7529511
527,331,-51.75260024
528,330,-51.75392162
531,330,-51.75752681
532,328,-51.74413389
535,329,-51.8306773
536,329,-51.8226776
537,328,-51.82028995
541,328,-51.81462627
543,328,-51.80494048
545,327,-51.81013941
547,327,-52.01589333
549,327,-52.0420905
551,327,-52.07054687
552,327,-52.20318817
560,324,-52.24043926
561,323,-52.28221542
565,321,-52.52840797
566,320,-52.59978614
568,318,-52.47927071
568,318,-52.54618384
569,317,-52.59921289
570,317,-52.65492513
570,317,-52.61336295
569,317,-52.65438043
569,317,-52.69577455
568,314,-52.83713046
566,311,-52.86800271
565,311,-52.69482437
562,306,-52.71637973
562,305,-52.53339932
559,302,-52.52681797
558,300,-52.51400725
555,293,-52.30407168
553,292,-52.2690408
553,291,-52.22636743
552,289,-52.26529113
552,288,-52.20501997
550,288,-52.45603953
545,282,-52.43000551
543,280,-52.41966613
543,280,-52.30895094
542,280,-52.28844531
542,280,-52.28688267
537,280,-52.18866686
536,279,-52.1848968
532,281,-52.17685737
530,281,-52.47404111
529,282,-52.47584127
528,281,-52.48042485
526,281,-52.68650072
526,281,-52.7242557
526,281,-52.76783674
525,282,-52.61593214
524,282,-52.65865867
521,284,-52.70603486
519,284,-52.75895261
517,285,-53.18744375
516,285,-53.258604
515,287,-53.33642192
515,287,-52.80141404
514,287,-52.80912987
514,288,-52.81325919
512,289,-53.43299189
512,291,-53.01042521
507,296,-53.04086425
507,296,-52.96905541
506,298,-52.94721658
505,299,-52.91607784
504,303,-52.87404343
503,304,-52.88130637
500,307,-52.88852402
499,309,-52.6960505
498,310,-52.62235636
498,311,-52.58354947
496,314,-52.637818
495,315,-52.60469426
493,319,-52.57044202
492,321,-52.73587844
490,322,-52.72206194
490,324,-52.7061375
487,326,-52.68789885
484,328,-52.38708368
483,329,-52.36355642
481,328,-52.34155711
481,329,-52.41193102
480,329,-52.3926547
480,329,-52.37487597
475,331,-52.53877572
475,331,-52.5204471
470,332,-52.50187806
461,334,-52.08327598
459,334,-52.05289521
458,334,-52.02182909
457,334,-52.28985628
451,335,-52.27764881
450,335,-52.26614822
449,335,-52.25527545
448,335,-52.32692542
444,335,-52.30757325
440,334,-52.28814277
436,333,-52.30862945
435,331,-52.43420287
429,329,-52.47544025
427,329,-52.49399865
421,327,-52.51563363
418,327,-52.34058217
417,326,-52.34911285
413,326,-52.35133159
410,325,-52.65570742
405,325,-52.69246389
401,325,-52.53084733
399,325,-52.54051178
391,324,-52.54701893
390,324,-52.55232096
382,323,-52.55598969
379,323,-52.67753044
378,321,-52.7103722
375,321,-52.74627627
374,320,-52.65533315
373,320,-52.65162008
363,311,-52.66369735
360,310,-52.97601591
359,308,-53.0189156
359,308,-52.66557507
359,308,-52.67653361
357,305,-52.67643392
357,305,-52.4730401
356,303,-52.44571648
355,302,-52.52475481
355,302,-52.51206828
354,299,-52.49690538
353,297,-52.44899433
353,296,-52.4920022
353,295,-52.47464491
353,295,-52.55445604
353,294,-52.54225825
352,292,-52.54918007
353,290,-52.65952643
353,289,-52.67300359
353,289,-52.68909712
352,285,-52.60831629
352,284,-52.62424849
352,282,-52.83747312
352,277,-52.87375594
351,276,-52.90568593
351,274,-52.4420287
351,274,-52.43131356
351,274,-52.40849227
351,273,-52.78204114
351,272,-52.79133554
351,272,-52.40963747
348,272,-52.38817637
345,273,-52.34324669
344,272,-52.39019577
341,273,-52.33864675
340,273,-52.22830856
335,274,-52.20800806
334,274,-52.18795963
328,274,-52.52855148
327,274,-52.50227308
315,275,-52.51153664
314,275,-52.32387267
310,275,-52.32193526
308,274,-52.41510921
307,274,-52.42275546
306,274,-52.44220015
303,274,-52.46561936
299,274,-52.79338533
298,274,-52.81986872
293,273,-52.85162828
291,275,-52.38563744
290,275,-52.39181392
289,274,-52.29880179
286,274,-52.28717104
282,274,-53.0736126
275,273,-53.13675385
271,273,-53.2038673
270,273,-53.24491549
266,273,-53.28742017
265,272,-53.33099936
258,273,-53.92553555
257,273,-54.07890772
246,272,-54.25691831
245,272,-54.65389304
244,272,-54.81192108
242,272,-55.1794378
229,270,-55.37699485
226,270,-55.59020279
225,270,-55.92048105
224,269,-56.17942922
222,268,-56.40481858
221,268,-56.63740967
220,268,-56.67545881
218,267,-56.87761538
218,266,-57.08418482
217,266,-56.87465952
202,259,-57.02442598
201,259,-57.1678483
200,257,-57.29258503
198,257,-57.20390061
192,255,-57.28380881
192,254,-57.34844873
191,253,-57.41574772
188,253,-57.56956095
185,249,-57.61809856
184,249,-57.39244247
181,248,-57.42924412
180,245,-57.6553837
179,244,-57.69166357
177,243,-57.14043986
177,241,-57.12610297
176,241,-57.10386839
176,241,-57.67268046
176,240,-57.68299241
174,238,-57.38948179
175,236,-57.38918573
174,234,-57.38517989
173,231,-57.75815951
172,228,-57.7648091
172,227,-57.72724602
172,227,-57.78736033
175,226,-58.05570952
184,221,-58.09401243
191,219,-58.13511443
192,218,-58.4096777
193,218,-58.71172689
196,218,-58.84438159
196,218,-58.9530038
198,216,-58.87182327
202,216,-58.986281
206,217,-58.90617306
208,217,-58.99121942
209,216,-59.08094012
210,216,-59.17552269
212,217,-58.95210718
213,217,-58.97614521
214,217,-58.98932158
217,218,-58.89295335
218,216,-58.89506636
220,216,-58.8859449
221,216,-59.18392208
222,217,-59.20319235
232,216,-59.21541757
233,217,-59.11940706
246,212,-59.13613705
246,212,-59.15213623
249,213,-59.26841769
250,212,-59.30596413
251,212,-59.34705391
254,213,-59.39316481
255,213,-59.31408908
257,213,-59.12517875
259,211,-58.81615487
263,212,-58.68582965
274,213,-58.24079891
275,213,-58.14966518
277,214,-58.03778993
281,215,-58.41097251
283,214,-58.31736437
285,214,-58.20978432
287,215,-58.09935385
289,215,-57.99677136
291,216,-57.91483301
295,216,-57.83773334
297,217,-57.79742679
298,217,-57.76220295
312,221,-57.73464425
316,221,-57.66701142
318,222,-57.60197613
324,223,-57.54119531
328,224,-57.48537946
327,224,-57.1
328,224,-57.8
328,225,-58.4
336,226,-59
337,227,-59.4
340,227,-59.7
348,229,-59.8
352,229,-59.7
357,230,-59.4
363,231,-59
365,230,-58.5
367,230,-58.1
371,231,-57.8
383,232,-57.5
384,232,-57.4
386,232,-57.4
386,232,-57.5
398,234,-57.7
399,234,-57.9
406,235,-58
407,236,-58
410,235,-57.9
410,235,-57.8
410,235,-57.6
410,235,-57.3
410,235,-57
410,235,-56.6
410,235,-56.2
411,236,-55.9
415,238,-55.7
419,240,-55.5
421,240,-55.4
422,240,-55.1
423,242,-54.9
423,242,-54.9
424,243,-55
426,244,-55.2
431,248,-55.4
432,248,-55.7
433,249,-55.9
435,249,-56.3
436,250,-56.7
437,250,-57.2
440,251,-57.7
441,251,-58
444,252,-58.3
445,252,-58.6
447,253,-59
451,253,-59.3
455,253,-59.7
456,253,-60
459,252,-60.3
461,251,-60.6
464,251,-60.9
465,251,-61.2
468,250,-61.3
469,250,-61.4
469,249,-61.4
470,249,-61.3
474,246,-61.2
475,245,-61
479,242,-60.7
480,240,-60.4
481,241,-60
482,240,-59.6
483,239,-59.3
483,237,-58.9
483,236,-58.5
485,233,-58.2
485,231,-57.9
486,230,-57.7
485,230,-57.6
486,228,-57.5
486,224,-57.5
485,220,-57.4
486,217,-57.3
486,216,-57.3
484,213,-57.2
485,212,-57.1
484,207,-57
484,207,-56.8
482,203,-56.5
483,201,-56.2
483,197,-55.9
482,196,-55.7
480,188,-55.6
481,186,-55.5
480,184,-55.6
480,183,-55.7
479,180,-55.9
479,179,-56.3
479,176,-56.7
479,175,-57.1
478,174,-57.5
479,171,-57.8
477,170,-57.9
476,166,-58.1
475,157,-58.3
475,155,-58.5
473,147,-58.5
473,146,-58.4
471,137,-58.2
471,134,-57.8
471,133,-57.3
471,132,-56.8
470,130,-56.4
470,130,-56
469,128,-55.6
469,126,-55.3
469,124,-55.2
468,119,-55.1
467,116,-55.1
467,115,-55.3
467,108,-55.7
465,107,-56.3
464,99,-56.9
464,99,-57.4
464,99,-57.9
465,99,-58.4
463,95,-58.8
463,94,-59.1
463,91,-59.4
463,87,-59.7
461,82,-59.9
461,80,-59.9
459,74,-59.8
459,73,-59.7
459,71,-59.5
459,71,-59.2
459,71,-59
458,70,-58.9
456,69,-58.9
457,67,-58.9
456,67,-59
456,66,-59.3
455,65,-59.7
453,64,-60
453,62,-60.3
452,61,-60.6
449,59,-60.8
447,56,-61
446,55,-61.1
445,55,-61.2
442,52,-61.2
440,51,-61.1
439,51,-61
438,51,-61
435,49,-61.1
427,49,-61.2
418,50,-61.3
415,51,-61.5
407,52,-61.7
406,52,-61.9
403,52,-62.1
401,54,-62.4
398,53,-62.7
397,54,-63
393,54,-63.2
392,54,-63.4
389,55,-63.6
386,55,-63.6
384,56,-63.6
383,55,-63.6
380,56,-63.5
376,55,-63.3
373,56,-63.1
371,56,-62.9
369,56,-62.7
368,56,-62.5
365,56,-62.2
365,56,-62
365,56,-61.8
365,56,-61.6
364,56,-61.5
363,56,-61.4
355,58,-61.3
354,58,-61.2
350,58,-61.2
346,59,-61.2
344,59,-61.4
343,59,-61.6
340,60,-61.8
334,61,-62
331,61,-62.1
330,61,-62.2
329,61,-62.3
326,61,-62.4
322,62,-62.3
321,62,-62.3
313,62,-62.3
312,62,-62.6
308,63,-63.7
304,63,-65
298,63,-66.1
297,63,-67.2
295,65,-68.2
294,64,-69
293,64,-69.9
291,65,-70.7
288,64,-71.4
288,64,-71.5
288,64,-70.8
287,65,-69.9
283,64,-69.2
281,66,-68.5
271,66,-67.8
269,65,-67.3
262,67,-66.8
260,66,-66.3
251,67,-65.7
243,68,-65.4
243,68,-65
240,67,-64.6
235,68,-64.3
234,69,-64
233,69,-63.8
229,69,-63.6
226,68,-63.4
225,68,-63.1
225,68,-62.9
225,70,-62.7
223,69,-62.6
221,70,-62.5
218,71,-62.4
214,72,-62.3
211,73,-62.2
208,75,-62.1
208,75,-62
207,75,-61.9
202,78,-61.9
199,81,-61.9
198,80,-61.9
197,81,-61.9
194,82,-61.9
193,83,-61.9
193,84,-61.9
191,84,-62
190,85,-62.1
189,85,-62.3
184,92,-62.4
183,94,-62.6
182,94,-62.8
179,97,-63
179,98,-63.2
179,99,-63.3
177,102,-63.5
177,102,-63.8
177,102,-64.2
177,102,-64.6
176,106,-65
176,106,-65.1
176,106,-65.2
176,106,-65.5
176,106,-66
176,108,-66.7
178,111,-67.3
179,113,-67.7
179,114,-68
181,116,-68.3
182,118,-68.6
183,118,-68.8
185,121,-68.9
188,123,-68.6
188,124,-68.1
189,126,-67.4
189,126,-66.7
191,126,-65.9
217,139,-65.1
219,140,-64.3
221,139,-63.5
223,139,-63
225,140,-62.7
226,140,-62.6
230,139,-62.5
231,139,-62.5
235,139,-62.5
238,139,-62.6
241,138,-62.7
242,138,-62.9
247,138,-63.1
247,138,-63.4
247,138,-63.6
249,138,-63.9
254,138,-64.2
255,137,-64.4
260,137,-64.5
262,137,-64.4
264,137,-64.3
267,137,-64.1
271,136,-63.9
272,137,-63.6
275,136,-63.3
279,136,-63
280,136,-62.7
282,137,-62.7
288,135,-62.8
289,135,-63.2
291,136,-63.7
293,135,-64.3
296,136,-65
297,134,-65.8
299,135,-66.6
300,135,-67.3
307,135,-68
308,135,-68.4
313,134,-68.7
314,134,-68.8
317,134,-68.7
318,134,-68.3
324,134,-67.8
325,133,-67
325,133,-66.2
326,133,-65.5
332,133,-64.9
333,133,-64.4
341,132,-64
345,132,-63.7
346,132,-63.5
349,132,-63.5
357,131,-63.4
358,131,-63.5
370,130,-63.5
371,130,-63.4
383,129,-63.2
384,129,-63
387,129,-62.8
387,129,-62.5
391,128,-62.2
393,128,-61.9
397,127,-61.7
399,128,-61.6
401,126,-61.6
406,126,-61.7
406,126,-61.9
406,126,-62.1
407,127,-62.3
408,127,-62.5
413,127,-62.6
414,127,-62.7
418,126,-62.7
417,129,-62.6
417,129,-62.5
419,129,-62.3
419,130,-62
419,131,-61.8
419,134,-61.6
419,137,-61.5
419,137,-61.6
419,138,-61.9
420,146,-62.4
421,148,-62.9
420,151,-63.3
420,152,-63.6
419,155,-63.8
419,156,-63.8
418,159,-63.7
417,162,-63.6
413,169,-63.4
413,170,-63
411,173,-62.6
410,174,-62.2
405,178,-62
404,180,-61.9
399,183,-62
399,184,-62.2
391,186,-62.5
384,187,-62.8
382,188,-63
381,188,-63.1
375,189,-63.1
373,189,-63.1
371,190,-63
369,189,-62.9
368,189,-62.9
367,189,-63
365,189,-63.2
363,189,-63.4
360,190,-63.8
357,189,-64.4
355,190,-65.1
352,190,-65.8
350,190,-66.2
349,189,-66.6
344,190,-66.7
343,190,-66.7
342,191,-66.5
340,190,-66.3
335,190,-65.7
334,190,-64.9
330,191,-63.9
329,191,-62.8
327,192,-62
326,191,-61.2
321,191,-60.5
319,191,-59.8
314,192,-59.2
313,192,-58.6
308,192,-58.4
307,192,-58.3
302,193,-58.3
301,193,-58.4
298,193,-58.5
296,192,-58.5
289,194,-58.5
287,193,-58.5
284,194,-58.5
283,193,-58.5
280,194,-58.4
279,193,-58.3
268,194,-58.2
266,195,-58.1
264,194,-58
263,194,-58
255,195,-58
254,195,-58.1
243,195,-58.2
242,195,-58.4
241,196,-58.7
239,195,-59
238,196,-59.4
237,196,-59.8
231,196,-57.56
230,196,-57.716
229,197,-57.6876
225,196,-57.64636
214,198,-57.590996
210,199,-57.5100956
209,203,-57.39110516
206,204,-57.23021568
206,205,-57.01323724
205,207,-56.73456097
204,207,-56.65201706
202,209,-56.54561877
197,214,-56.43142065
198,216,-56.30992671
196,216,-56.18181978
194,217,-56.0489922
193,218,-55.91478091
191,220,-55.78323743
184,229,-55.66023745
185,230,-55.5528051
183,232,-55.4428839
182,232,-55.33261041
181,235,-55.22272939
181,239,-55.11400966
181,240,-55.00722864
181,242,-54.90305229
178,246,-54.80187943
178,247,-54.70374363
179,248,-54.60809424
179,248,-54.51362316
177,251,-54.42069709
178,253,-54.32950575
176,254,-54.24018339
177,258,-54.15280076
175,260,-54.06735797
176,264,-53.98378854
175,267,-53.90197945
175,268,-53.82180304
175,271,-53.74317392
175,272,-53.66612899
175,277,-53.59067218
175,282,-53.51678882
175,283,-53.44444937
176,284,-53.37361423
175,286,-53.30423985
176,287,-53.23628499
176,291,-53.16971554
176,291,-53.10450679
176,295,-53.04064008
177,296,-52.97809118
177,301,-52.91683308
178,304,-52.85683751
177,305,-52.79807633
179,308,-52.74052253
179,313,-52.6841508
179,315,-52.62893738
179,317,-52.57485957
180,319,-52.52189485
179,320,-52.47002032
180,322,-52.41921324
181,325,-52.36945125
181,326,-52.32071263
183,328,-52.27297626
183,331,-52.22622163
185,335,-52.18042871
186,342,-52.13557785
189,343,-52.09164967
189,346,-52.04862516
189,350,-52.00648564
191,351,-51.96521288
191,355,-51.92478904
191,358,-51.88519668
192,359,-51.84641873
192,361,-51.80843844
193,365,-51.77123941
192,368,-51.73480556
196,378,-51.69912115
196,379,-51.66417075
197,381,-51.62993927
197,386,-51.5964119
199,391,-51.56357419
198,393,-51.53141194
201,397,-51.49991126
201,398,-51.46905854
201,402,-51.43884046
203,403,-51.40924395
203,406,-51.38025623
203,408,-51.35186477
204,414,-51.32405732
205,416,-51.29682187
205,417,-51.27014663
204,419,-51.2440201
207,422,-51.21843099
207,424,-51.19336823
209,431,-51.16882101
209,432,-51.14477872
211,442,-51.12123096
213,445,-51.09816758
213,446,-51.07557861
213,448,-51.05345428
215,456,-51.03178505
215,457,-51.01056154
216,458,-50.9897746
216,462,-50.96941524
219,472,-50.94947466
220,473,-50.92994425
221,478,-50.91081558
220,480,-50.89208038
222,484,-50.87373056
222,484,-50.85575819
224,488,-50.8381555
224,491,-50.8209149
225,492,-50.80402893
225,492,-50.78749029
225,492,-50.77129186
223,493,-50.75542662
223,493,-50.73988772
